,vx,vy,vz
0,3.8067615295596924,-1.710845859600201,-0.17109092189530975
1,1.2408405183425053,7.959817549663955,-4.758845082005607
2,1.2814862646438447,6.062997121281666,1.2789061363629968
3,-1.0263848130879565,-2.9322179401313395,0.5809744215957784
4,4.890701095105853,1.60932267368017,4.516419938003694
5,-7.551212962471226,0.6769058833132873,-0.8498750857790011
6,0.9069542608641868,-2.3841605271161415,3.7674317668160624
7,-0.744454641190529,-1.6885139810277807,1.0815740657222204
8,-4.254053694737055,3.999783896824076,-9.400410747375396
9,-3.7014663809065524,1.384954679659234,8.809884201924813
10,1.660950512662514,2.0047012181905934,0.9579599167390388
11,-0.9109533130119707,-0.1891835080985905,3.3530228494544616
12,7.816333003277657,4.190713541295256,0.2755733535775434
13,-1.5260617053528793,-2.0558065485957253,4.640749293881804
14,0.3913807702204469,-0.13867525508820913,1.0092508817325976
15,-4.559382071188334,2.2637799927733933,-6.966862361879302
16,-0.5634357745623841,3.158579487416334,-1.232247692913207
17,-0.4003341797742274,-0.4450621515545429,2.637721086713925
18,4.141405436946225,1.057153792701108,-5.976952808900786
19,0.8396902230890526,0.24897368313704488,3.7126387140627854
20,2.9427700040619134,2.588234195142243,-6.298809771744353
21,-1.942534645350497,2.2398937909476926,-0.11951085551609433
22,1.3390208480648051,6.302814456783964,-4.334363101143708
23,-6.0930759256333245,-7.334244806885553,5.104394676587147
24,4.243040147481863,1.6634371790362918,4.24684053204307
25,-1.6764347021221442,-4.93104786634029,-2.2766738187436517
26,2.4758131378271226,-4.5919053682587805,1.2534637570418192
27,-1.2717960178911816,2.2896292779882237,-5.552107127518036
28,-0.34957377710784077,-1.2157980976051612,-3.4291185320349444
29,2.9420737497858767,3.092810084200539,-0.5870745410241599
30,3.718119663464768,-1.8069796636100766,-0.7879781473792059
31,-9.045005845861624,-1.734943320101127,5.562484342317758
32,0.5203552291156913,-3.7728103293377,-2.9410535119487515
33,-2.6423037952729933,-6.1006853036292386,7.473305885057444
34,-1.1633965415639156,-3.663116365259012,5.471566327751642
35,0.2835353280843605,8.058493513842745,-3.3610775024744393
36,-2.3649517143120886,-1.0473390095592052,0.35107096356910483
37,-0.18184218789832243,-2.2953692263451675,-3.278467140601714
38,-1.9007029139145735,-5.172008014316429,-2.0972659882376186
39,4.149912518373666,0.05184607563142333,3.093197134862431
40,-7.837138248624249,-1.1077269924392918,3.9064346770903042
41,0.5698611487778399,0.8204111949844227,-2.180073858018734
42,-2.7949783821224723,-3.7216887994385655,-7.6822011007781486
43,-1.129426410224791,12.310576070473479,2.7810674732429588
44,-1.6435953435660826,-10.382635250646272,-1.8424574606764128
45,2.1542935379772152,-6.0468543634144085,1.864376243939663
46,-0.8670270661623104,3.4039589312917187,0.4836561617261086
47,-5.907886280439463,0.8475839042965374,2.1391847366273624
48,-3.147903387239107,1.2705897749787012,-3.7983997744916493
49,0.6751116703722116,3.1433317733797503,1.4854159160179812
50,5.2882774136295305,-0.937733015739149,-0.11351458021695929
51,-2.167586016855015,-0.9355956280393526,-2.16571982783233
52,2.253351595706314,0.019608971296753888,-3.235254496897199
53,2.7517644038822833,-2.7128233214404784,-1.9624462798403528
54,4.001876125028176,1.9771071075013626,-4.195086911306461
55,-0.45745721075754175,-2.881392781885083,-1.9250952241164967
56,-2.697567548804226,0.5109056307009899,-3.6947586631247873
57,-0.8675698641531625,4.765387566197296,1.5034796967238329
58,-0.783979628022282,-2.3712878594443567,3.9536578316319515
59,1.7232493463260725,-1.8552029288145913,-0.824969701705592
60,-1.2261481212327237,0.7874127552528991,-3.118956306595952
61,0.0545444014063726,-0.5216246637904256,-2.5651231478921654
62,0.20264147737984106,6.723855699345488,-3.4799064023339943
63,4.810006216183859,0.5917638215465911,-3.6904259378879827
64,5.060531742298313,-2.6188052036572413,7.1514693994440695
65,-4.657463090390485,4.526594201591267,2.797382353365946
66,1.2163035502848132,-3.6046231442382863,2.844416924563523
67,2.274157187951534,3.497605057742577,-0.9954571917940723
68,-2.300117011771828,-1.1377717683483841,1.1564094415009643
69,-4.1381487431911905,1.1066473368135257,0.024327216987948513
70,1.109091098675019,-3.3985791952213007,3.773225915455592
71,-4.614286578994696,2.096726590577453,-2.233788293533031
72,2.8184756917183282,3.405356784338148,0.09235460511117756
73,6.369434644385487,7.376588643760479,0.772781024988712
74,-4.790163974349207,-2.746488499383567,-6.803154052841685
75,-3.321620580661814,-5.605064125662912,-4.547745003627233
76,2.071051618467967,3.38522355322296,2.411822621551265
77,2.528087727513183,5.659171502965384,1.4064420895371696
78,-3.3491171593423945,-1.6218571386096823,4.69394167383575
79,3.0669659672059906,1.4938610377402424,7.199584878633873
80,1.5272555604529712,2.2062623204159952,-0.06015885147465071
81,-0.09140959411074273,-7.946113134749563,2.7793363892783582
82,-8.065992679227671,0.5413061637209254,-7.80920615295661
83,7.725650352932416,1.166984836084422,4.492921890580996
84,3.7382087261830677,-3.025329773919605,2.337181896691086
85,-5.549814870784253,4.160976259526241,-5.199650302674894
86,-1.7182742381743261,7.489078489174985,-1.4776968245696551
87,1.4253421719235007,-0.9986734847038156,3.959347899099645
88,1.710122094658997,-0.043906410816700325,-0.16790614790752245
89,3.7411294000620083,-1.6393692322854498,-2.8115448618786107
90,3.9386852046859673,5.577718561889595,1.3351992823148993
91,-0.4140081380649732,-2.4186394656237,-0.4167525174814028
92,-0.5036161686091593,0.6296767010706912,11.300821351001087
93,-3.7375613042711446,1.9277790984805008,7.017844026953078
94,-1.4183228228121962,5.197672770505183,-1.253709954063183
95,-4.801668122534428,-0.48006930742576115,3.056227688717957
96,-0.23055277755289086,-3.4253470405398434,-2.180160643939409
97,-7.712480727457055,-1.4771387993860956,1.2621527606472451
98,-5.816032134582064,-1.1834758175020106,2.1008572700787274
99,-4.4801784304462124,9.433286519188625,2.6632664087016917
100,-7.663451133903045,-0.22889255831908434,-7.428858812626855
101,-1.310332654969727,-4.531963465161584,3.750351077966736
102,6.636480026262761,-7.1833375695882715,4.0760483622776835
103,3.36384221209455,-5.545599326247681,7.839596335712368
104,-1.7692887082053017,-0.8590189141356088,2.919504393809233
105,0.277384440883351,1.7187081916449451,2.8615711417471186
106,-0.42642960155187815,-5.874142746864828,9.407651297402822
107,0.37811857836377644,3.6331284081860944,1.0245637225948825
108,-0.6721854929113746,5.204563638340221,0.3096012398502997
109,0.34210762437872166,-1.1452591716434812,-3.7041600197494007
110,-5.858845570468667,-0.7447497572594257,0.5652650809113504
111,-2.9765346924493428,-1.806230638341887,-0.39002109657990264
112,-2.458789095376308,-1.086410113750044,-5.949135686371832
113,2.4927063239210683,2.584775964926275,2.657428956565705
114,0.7685959698823825,-5.588613084121856,-1.045227664914796
115,-5.462776269456554,-4.910339419670389,-1.746880242161771
116,9.030949924997667,-0.9219253810809275,4.636546195244353
117,5.359750068199541,-1.4869609390190879,-4.644297667002093
118,5.66326883233911,-2.3154343975763605,3.761410578338136
119,-0.5746922371315715,-5.810775344864411,1.8941887858241409
120,-0.2032029146882616,-2.3524008408783454,10.380710775613528
121,0.4442553911030318,0.375846956277324,8.372529144894266
122,2.1492595294074617,1.3283664962789763,4.601953567291975
123,-4.610538804437749,2.4322758229811234,3.163365584370777
124,0.99588234159524,-9.76146050595118,-2.5347865250812553
125,-4.639554290841316,0.44979433348471953,2.898302801336397
126,4.065748519696992,-3.523080096394543,-2.089226908425015
127,-2.7274652258969505,3.0288485362842725,-0.38984720322033567
128,-0.8693903623797249,4.683950508944302,0.865319923502119
129,1.7869918682752353,-1.9874517679698132,2.3757541206999644
130,-0.4151939197778994,7.877252864331756,2.3669491444160657
131,-1.619732904696102,-0.8072707383680792,5.473242307238601
132,1.9525747905799895,5.148736547910401,0.9145002513257408
133,3.410439275685349,3.712201018745364,11.179932604030602
134,0.8706681068753527,4.356367631060968,2.742154453033718
135,-2.477909580552523,2.0240409516421094,-4.338960332530455
136,2.8481975043372856,2.9146581344101885,-0.22213916483681137
137,-0.6625291714360116,-0.5218977338986406,0.41408015634280637
138,-9.064283107313551,5.640017504092087,-4.312997518232811
139,3.515734541144888,1.9270451220900877,-5.766400211373865
140,1.1495453022876265,5.483915172808516,0.7053960996944607
141,8.112038473708116,-1.3310513639920172,0.45155532061996895
142,-0.6761816732682082,-0.8129277084332808,-6.080592745540471
143,4.890102160196339,-0.05870137103916462,1.9395351922638506
144,4.85596360676273,-0.7369481460268295,-2.4737473077946013
145,0.8328284091890238,-5.8395199184157525,1.2324958336017064
146,-5.862670349097102,-2.3184996624779144,6.294118671839754
147,-3.452751943368048,-1.6154795144597824,3.6210089877018734
148,5.267387420506274,0.76326351507815,2.1791992631890187
149,2.6913901840918566,6.007622578132155,-2.0281614730766715
150,-1.8164551755999465,-3.0405186705985416,0.4499052013419749
151,7.605258537828281,-0.7819766554420922,1.1145951379802077
152,-2.7321335378420613,2.5546416150664406,-0.22996338895363033
153,2.013598635246365,2.5734388567409274,1.0790222174887025
154,-2.1511356046367327,5.829773986017053,-1.813998945516915
155,0.8436698140344485,-3.621616519133682,5.5343457955961375
156,-2.716583270051817,-0.7207328776531945,1.8364248735189306
157,-3.299039775474995,-1.9904551704394282,-3.4833899869436076
158,-0.9299058152078148,3.5810824358084536,-1.8256080875932084
159,-5.458783571984879,1.4754296670061784,0.23805259030189801
160,-3.4582258593711277,7.170876091905733,-2.6907918821872285
161,-4.262146126304234,0.0671162679966483,4.329169287248564
162,0.7051299348714603,3.601280965857345,1.157986841058053
163,-0.5059647980725581,-4.23545824543855,-1.5859582541775423
164,7.300674991468061,2.847255163296123,-1.1311269897288787
165,1.6234865531027591,0.7449903433611161,0.14437937228470532
166,5.7713946423044185,1.7589386015795778,3.7495486253750734
167,-3.15396390081682,3.0128017031161742,3.455709063302818
168,-7.737558860660007,7.611185772136531,3.344793943320931
169,3.984590049407397,1.3284110238577376,5.755518859053285
170,3.3145247087792895,3.4189863332400234,3.0721436692078568
171,-3.1494372439865255,-3.502822782102525,-7.661991088073326
172,0.40703896649717286,-0.2127585246275866,-2.274966150774216
173,7.019235472520582,2.706430085721516,-0.8650803302013811
174,-4.140150100023512,0.2920031374729702,-4.632863642604503
175,-2.0605659762658624,-4.093202092852268,4.155010002988368
176,2.7061932298055895,-0.6878169922645684,0.9467747438191548
177,4.359950925463612,2.120510905719047,-5.400156598704913
178,-5.28789401830261,3.0902155534643017,-1.7156648113244033
179,1.7669832778595107,0.2712063919184854,3.1662855474782194
180,-1.3797714037269844,-0.025281233306202692,3.121624412526806
181,1.7861886253160906,1.1260464810950024,8.532319387578418
182,-5.676673685366305,3.1252784401986613,-2.5903676007287704
183,-1.4972154577508925,-2.4529236254853117,-1.7936701646639404
184,-5.178520161936565,1.7202252126780346,2.2880445933584554
185,5.6163795815939555,0.6132136516248539,-4.929434623620339
186,-4.050966658012934,-3.817372807938513,0.5528613328107119
187,2.6079421676632752,-2.081130820994834,0.5623380015230023
188,0.26728311465092375,-1.1111439022715033,-6.690241184870625
189,5.2664567829817015,2.462693216721391,1.241271818463802
190,-1.5685416107020156,-1.0978792415537064,7.601902003597221
191,2.7212940857224437,5.401204298474008,3.4990161892327114
192,0.5959660417493318,-2.556591400349581,-5.779383947234433
193,-0.9131912546298326,-8.672984817919914,-0.7570239545255063
194,2.69950973537593,-0.8370590083354282,-8.270291491247528
195,-3.0902311657989006,-0.14510366083526366,-2.4058843730160837
196,2.8811569751845587,-3.2652334776911736,-3.589988679511358
197,-0.12430058404187581,5.809005026047232,-1.0055030056478675
198,4.548479755430466,4.09333091210099,1.777267627409671
199,-3.03612979554414,2.301535172458911,-0.9368742533629963
200,-1.4792786554091288,2.0727631361023877,6.200515001354907
201,-0.5710095586949385,-0.21610484191844556,-1.3901890300264275
202,3.9778423912730494,-3.8184897907825754,1.6623438672171904
203,-0.7021175713672829,-4.891093180574564,3.4879376359696366
204,2.2781373720433007,2.3055054196848803,1.0889010311823306
205,-1.7577900080760651,-4.236262922578235,-0.4482511931688667
206,6.723096225026551,-3.299478002574313,0.3132617727364557
207,-1.4525057178955878,-0.271039114539441,1.0591419004004539
208,-6.14564599865069,-0.24300057547904755,0.6402361477516295
209,5.758774922364711,-2.8278370460605937,3.583015649908405
210,1.0025564568624956,1.0013764483242384,-3.1841707011632776
211,8.079734843807566,3.2481808490238393,7.053252913411917
212,-0.5441765995327732,-2.486311656407307,-4.8548891654368855
213,3.672293925467338,-4.65556254571809,-2.6203112786446514
214,2.240185024182622,-1.3079218950821996,-1.7035637371193686
215,-3.771337992769551,-0.4035232811542039,2.7338489533667887
216,-1.7746713291313099,-8.88173476217456,-10.310946465720383
217,4.754595323941343,-2.02302049671792,0.12441362219789162
218,-4.952139514571292,-2.223115354481229,-2.5591347432773044
219,-2.527248830980949,-11.154166337870413,-1.1509837549975772
220,1.4622041456278922,0.4638381197505639,-1.9997423235269198
221,-3.881195168680844,-3.542744852967744,-3.74421944957636
222,-3.0883339440053335,-1.6169618134469597,2.4152737945789253
223,7.10155002207732,-4.082359406088887,2.3597707462154225
224,-0.2637278904468693,4.950833615514046,1.8102126854272682
225,-12.858781041102436,-4.594439118231787,-2.758496131663074
226,-1.005486539098952,-3.250069072451494,-2.0828362080606544
227,0.9297312956274517,-1.7113021354480906,-2.004480589500774
228,6.13446394533601,2.730289804159011,3.8898977764681164
229,-2.6050254679979226,3.237428196995681,4.809456719784281
230,3.3925263620038955,-1.5317596297757832,2.2360643384340517
231,5.478570291606798,0.5996062778140636,0.3295332641142423
232,-4.071969523910483,3.9651680029586878,-5.5972432586968
233,1.826069965735623,-5.142143517015443,3.8675354074789006
234,3.0903470330480705,-2.030495303599859,-2.83026161914827
235,1.4337968034601292,-3.335196207120551,1.6463040630848471
236,4.202923135166137,7.189237905118424,-0.3331547440508098
237,-1.3812368600609024,-5.541989379508745,-4.82707296928363
238,-4.319696580473515,-5.094919222072435,-5.6838299970574795
239,4.2109015659194515,9.299689399214259,1.1941746415551053
240,-6.742926552528865,7.743041410017127,3.007759115567393
241,-5.321949190745719,-5.730423133008686,0.29089962550563647
242,-2.9768798820555493,10.256611677502782,-4.544449790844349
243,-1.8978156313874373,1.5112961798148064,-0.4781572817653437
244,4.546226175501665,0.6740522299664203,6.969829112407772
245,-2.7565977406052062,1.2003993842560206,-4.994082988019808
246,-2.0325044101208545,-1.6776472002588165,-2.375284345446979
247,1.202794434454335,1.7283849575902324,2.2267556645417135
248,1.8265184787519289,-2.7308948405033107,4.70413848938075
249,3.707604429503681,2.768670443379059,1.6897195544692474
250,-1.8703312438269253,-0.17658306503847207,4.286980243377037
251,3.394217000881225,-1.7565847468518534,-6.769155115279755
252,3.9305402849273676,-5.712787305636124,10.143521558542758
253,5.21581428134714,0.7106468453228049,1.9518777134117857
254,2.542802619331303,-3.9836583297863393,-5.293840173768728
255,8.274261231335753,6.1120414458303145,5.156928024210071
256,3.513797729660753,3.9844795950915324,-8.47687816947374
257,-0.7822852742178691,-2.5087407231289527,6.946153500028592
258,1.5927029842465923,9.424103831333857,-3.5358124509346816
259,-3.5390706094467053,-2.559411153031039,-2.9425467782518804
260,-0.48303205904347907,0.6832825432391325,-0.11621853228549107
261,-4.28282381240192,-3.527399858612981,-0.8469361038790698
262,-2.2929959328349936,-1.7789597477475096,-7.217489285845055
263,0.09380880617095315,-1.7335128059456917,-6.4086449370292335
264,8.439736458265015,3.787677563449376,-7.239053407289425
265,1.1611861556962968,9.474169003459155,1.5626402838828226
266,-3.881585241843503,-7.563288094852204,3.2816913009803086
267,4.041415409167028,-2.4112708766230684,4.598230524505551
268,2.8878130328286193,-0.6040545422488579,1.841774983703198
269,2.4723228852878005,1.2188804010952008,2.821076105328565
270,3.1797994469622517,3.6896913814938945,-6.748959400412653
271,-3.409458378947943,2.177178650436458,2.419421671013394
272,-1.1483373093386542,-2.972399110452802,6.372663634064859
273,3.1690826541405093,-5.89562452839811,5.140394872860225
274,4.911198023213096,7.567640872797991,5.206801285615007
275,1.632902030132062,2.02857735779592,-8.768923308538755
276,-0.24353936543682175,-3.5908511551767743,-1.045615380715166
277,-1.5121392015604913,-5.221218062929231,-2.4839840572481013
278,0.47766803266173485,3.166343900372364,8.332523012629293
279,3.070756509036929,-5.4631880077369805,0.4748245560816258
280,0.28534553716236416,-3.1846922867556655,0.4681005932798198
281,-1.9215664227092797,2.2732875252114297,-3.1491284810409312
282,9.542247197926358,5.429266601460798,-2.056863169439776
283,-1.8096211900514385,-5.066259341548872,-0.29712690647526857
284,-0.6784567578515672,-2.6749294117163833,2.6874279140031505
285,-1.1649918098204446,-3.5201993723295653,-2.486788719287276
286,-3.6805086043239084,2.792803708944486,3.428344273590186
287,4.373069416568021,-1.9851770844796675,2.905184095461922
288,-3.101080736681893,0.2698591296190438,-0.5043160814824861
289,-0.2682288933324683,0.7353666539894164,2.148966617550659
290,1.3689434453629088,1.2405200229491313,-4.005361464276869
291,2.786508570167818,-3.778942296648375,1.093224584167432
292,1.6770175104927045,0.6118190310982878,-1.2334755950878442
293,7.069169792424622,-1.0480552022210248,-4.052300552970778
294,3.2883127066883677,1.543213752413992,-2.71343331228743
295,-5.62001590774756,-3.5742426585685574,3.5527314360632785
296,2.0479361976805643,-2.0264144992038644,4.181830198171715
297,0.4832206611656828,4.058549654088114,1.8209619246333286
298,0.4907315850258842,1.7907330813826594,3.8148654564483824
299,4.5472119277454235,-7.3560393192605025,5.042125094609157
300,3.328873710007559,-5.493845621029554,4.419806444014754
301,-0.6782675145336762,3.4466420287154538,-0.015138259606647
302,4.269986025096144,0.39941712314841077,-1.8488240975826111
303,3.462698634704973,7.242080648416931,4.741548970347695
304,4.859635232168254,2.1527715593836434,-2.82405730423813
305,-1.5576423293783692,1.21303930037979,-4.179555806941079
306,1.3418737969092909,2.618251851317567,5.2987852292213375
307,2.834100094906003,-0.09384287199518666,-2.362781206252252
308,-1.589822475983222,-6.287121205112076,7.095932912654069
309,-3.601762827599402,4.57199112463289,-0.975969204225056
310,7.447360821225428,0.1929877720137695,-2.7566719029838964
311,-2.216528839409747,3.248099884745328,-8.922607107250924
312,0.37477015352153625,1.5991654606393417,0.4436648931643479
313,1.810872081432959,5.556997541672955,-6.363457806465027
314,4.893626971931877,1.6097566670642582,2.007695800380343
315,-4.44947998065076,-3.6249126706167543,-0.9635431788118244
316,1.9252102912329963,1.5886155428833633,-2.5924924834060517
317,6.507586516882085,-1.7014527273876463,-0.2951194589944914
318,-3.811362351789858,-1.4652033392971078,-5.306008401600122
319,4.916181131561172,-5.750283010947697,4.23548361227563
320,-2.4840115660530175,3.3376995195859163,-7.735256705825502
321,1.0861016133427377,-0.8666679286711116,1.1734602001020613
322,2.0941625717015313,5.077852180721347,-6.450051710222677
323,-6.525695105211359,-1.751634097346994,-7.593404508050479
324,6.327387213009419,-0.7716593019715825,4.920108562007147
325,-2.178608184495594,0.9700115890973349,-5.870437747928602
326,0.8546284246444933,2.4579334102749604,-2.094664271372798
327,0.5016495827872757,0.6853207861817011,0.6288493653563093
328,0.7590787598132014,5.375527269927022,1.8546384027753877
329,5.793255285508195,-3.6364422528361704,-0.34835623304535746
330,2.175605875434065,4.649731153194213,9.033289551798585
331,0.6087205447879932,0.9541358616204131,-2.8690549936713627
332,-3.9616607939578166,-1.9934199382924087,-0.6732503958739275
333,3.3809911745006858,-7.129533552718914,1.5828860590832112
334,6.087725548605159,-2.1964271579459917,0.14910313181356213
335,-5.868653661204613,1.0643052258500398,-3.4409977553445206
336,-2.5595942403542113,-8.425845755880871,-1.4034554740973038
337,2.8937605682657477,3.2832640140029894,-1.185655379106738
338,-3.773971649692859,5.855029454704209,-4.549045438063673
339,-0.9465655568924953,2.6362179384703963,-4.470437238662748
340,-0.036691739651562666,-7.368725004153983,-1.492774288677578
341,3.178848506921847,1.5274778930133197,2.0592275361564703
342,3.702790064988417,3.3472968722229663,4.304514846527602
343,-3.317105708981106,-6.447545551456118,-5.485707047417555
344,-0.3858652813530271,1.8294501170397623,1.7888358092310233
345,-0.0858098453117019,0.5503711047543693,1.398375729759932
346,-0.3118079788395727,0.346439316200234,-2.7302441738404646
347,-0.94105302922782,-4.1326728677135245,4.870139792684284
348,-1.316280664714252,-0.644063945187673,-5.851466180060923
349,1.0246109448105754,5.853472259510238,-2.3948881091997216
350,1.1875633289381156,-1.2918625531574188,-9.316435910508973
351,-2.8238502763930495,-0.9718093639129144,-2.8858057107465727
352,-4.345325959953434,5.7465303638923055,0.0059137140895189014
353,1.385825458062813,0.5290771424439704,-4.848361933668417
354,6.0716252806405615,-4.922704166573519,-0.19553995053161086
355,-4.83526323047366,-4.285286459664077,-3.5333913576977958
356,2.13505252666564,7.660227240688696,1.2620189141434044
357,-3.3961513156065393,3.6741642450054286,-7.153578337346335
358,3.1880345305059503,3.0438675976679144,6.203037581451357
359,2.8845648663757135,-2.459873404212161,-2.2541954693797805
360,0.33243089788773944,5.69667891303862,-0.7327853199622185
361,0.5121847986360346,0.6863321315813454,0.17328163500155327
362,-4.395157654281137,-1.8407083739283918,-3.6089193748595734
363,-0.8567125847248191,9.281026437300001,-3.9923057495415697
364,5.940421864659985,-1.2179475125814496,-1.483588742799319
365,-2.390053731057644,-0.4042000587843342,2.0193366142961966
366,1.3195956595148812,-1.1192586211351272,0.33203080509078703
367,4.128067726498497,2.560611758197625,7.1612007294617195
368,-1.5645702083186641,6.612382452992977,4.341358748161069
369,-5.658492334153877,-1.9421778678945665,-7.268660268932339
370,-3.304956852013838,2.171113824967144,-4.683205325136319
371,-4.325529375348436,-0.16616043968525795,9.785984034772149
372,-1.4334200882541919,2.239554774068759,2.0212992577292375
373,1.280698110411237,-0.9574472431898264,-0.5608318080494299
374,0.71449525502987,8.525282343471412,-0.35075733574219853
375,-0.6714448504691355,-0.37825573745934116,-9.292104526878537
376,-2.8097918337771457,1.39789702375034,2.3187945797542744
377,-5.909886227915531,3.001751388139979,2.8898770851064213
378,-6.130465691313895,4.325361175586711,4.093898761976853
379,-1.7034556876455107,3.6304868914574895,-2.9855895770588927
380,-1.864596838660138,0.7647857320669932,-0.7956138454592886
381,-2.334369887435776,0.7401082686168421,-1.8507878594995866
382,7.163766975024292,-4.85845441692761,-7.405741322254451
383,5.755283979954425,2.605324401936857,1.808779549961899
384,-1.2999691926400183,-8.496619954597186,-0.8951016220639031
385,1.5039610602678162,-2.652294594494957,-4.531525107193962
386,1.182429595050199,2.3161206671733146,2.2773896834946092
387,4.272643476663065,-1.083567223683135,-0.5715779656427336
388,-1.4404672934383576,-5.779684855572207,0.16590875619979764
389,4.0217839406403835,-2.1697534420029165,1.8675102901573986
390,4.824961805381624,1.0858888544992933,-0.8776847306392387
391,0.8480374853404185,-4.092952370430873,9.243263376587839
392,-1.223528133306841,-2.0306142003255183,-1.1115177462863122
393,-3.8291224331786733,-0.4045105183103403,7.126413098901707
394,3.4331607874259644,-5.408308363856706,-6.260752671577802
395,8.775686947453773,-4.413453708438047,0.7226622949451663
396,-3.8040557844499854,1.9549588231156232,2.710391486078497
397,3.144666790860696,0.816302731031861,-4.730281814204957
398,-0.2220161249673216,2.4429684981031348,-0.5672409469368745
399,-0.5695472247380519,3.452844228613901,1.7303979791713586
400,6.234542861945699,1.483624025541389,0.042364761306459844
401,-5.4518751926188305,-1.7130448186221432,-1.5655624674430424
402,2.1401949651071397,-1.1326048194959641,0.9226450075513846
403,6.736045481095558,-1.8362428970438656,2.2323800798970614
404,1.599131831307149,3.282888822564476,3.2259599135253407
405,-2.8366503999551513,-1.2142264671764205,-3.983370324301034
406,3.6571951983181545,2.281075960521117,0.13899646027920912
407,-3.755738570142714,0.4162729063791822,7.442730416429288
408,7.007446601233365,-1.4187318991042976,0.8698507702342715
409,0.6264988614361255,5.041823536966829,2.9776215449744656
410,2.015878530517943,-9.994663474859305,1.1618666475509407
411,-1.7515035380138066,0.05724382498560655,0.8564409364355096
412,-0.060803175517349775,-4.926987070013986,4.505524981877603
413,-3.1853564004234074,-3.1660519204711277,1.5381113912638362
414,-3.487248994186844,-6.632258923494591,-2.4274160270964766
415,2.6778612893622893,-2.236861906785429,5.553095215679267
416,-6.2643493681119065,-4.8134780253558365,1.525717197765552
417,2.0772101422840143,-1.923589377814766,5.934709291917898
418,4.576621370379078,-5.641232510911451,-0.9516608005561009
419,1.2482504461808377,-2.293054449705113,-2.8999230554154862
420,6.004609668906168,-1.2224075764817868,-1.036086057538286
421,-0.5418182346358911,1.6293541191000003,5.047633579384617
422,-1.6574355614735472,-2.2882719639312463,-0.7388266500163398
423,-2.7931522457892144,-3.685544763268921,4.201042052025554
424,3.6154012917861618,-1.5051291532054667,-5.747151111256314
425,-4.1191029149853415,-0.9297617285221672,-1.73941656245771
426,1.107845402838861,-5.365471464063085,10.52716292637933
427,3.4297221328226724,1.8084967619779238,-4.021966817801668
428,10.394497783671977,1.3792663478497242,-1.0426218252094672
429,-2.939078877321038,6.984248313134215,-4.186655437123559
430,-2.482188695533945,-4.459232400159409,-0.6974898035166356
431,0.5548494974037186,2.129544016692583,-0.3092284414254122
432,2.390081056898164,-1.3441881250042318,3.920427391692845
433,2.098313703155929,1.241986481256867,-4.201621986143403
434,0.2924266465940969,2.3868656189211355,3.3939329634194744
435,4.882850220118906,4.688567876506704,2.183042464307947
436,-0.5494445223731934,6.122596564245977,-3.35011602258434
437,6.5598847170195524,-1.2805494251902698,-2.8967452172842627
438,3.3496227815981814,7.024729344047938,7.99501328141916
439,5.4884103496292935,-2.7401215545489817,-3.030791939375705
440,0.25569373555417296,0.6733005851116708,3.586755557266431
441,2.212074403308764,2.4391473273642994,2.183507527702869
442,2.7031030752268275,0.023970634508971137,3.0146868006547316
443,-1.723585783568464,4.190516060556907,-2.458558310429587
444,2.4585232362980314,1.9512276725378275,2.537915279313157
445,2.895023264479775,2.6539667506395594,-3.730666648091198
446,-3.8730313646441012,-1.9537308137586347,2.48450931990595
447,-6.088488210855319,0.9759626815925696,-0.6403417167577418
448,1.7846052352470403,1.4413904341429897,1.210431287219101
449,-6.091769127684981,0.9288009017195213,3.091669619868517
450,4.405261941198892,-5.757092174048852,-1.079653776047629
451,-2.848322959583567,-1.6963198841893492,-4.943076260038813
452,7.527389108838809,2.81094273694435,3.1467982424821717
453,1.9256093547394435,-2.4665280913334287,-0.564259495246596
454,2.544340118641795,0.30951365095970146,4.773985497180508
455,-5.859198720931567,-1.8662296695344052,0.5895133711350355
456,-2.3689108670163277,1.2651402463303374,0.7506129594497145
457,-7.306881900907292,-1.6715356013366258,-2.308352860209853
458,1.3301001422911123,5.2693714158627865,-2.810005087678979
459,6.697853369979845,-9.842598492446234,5.9915944200521745
460,-5.487312480397834,2.7589087065202427,-0.6227934464365285
461,-1.1948394566074707,0.2665555910804359,-1.3077652499433003
462,-1.2096437465191738,-6.308632841644456,5.421065885580526
463,6.294124665979617,0.0058742722375343046,1.0513036986194397
464,-1.3343314172232403,5.599062061763632,2.150228335734909
465,1.8420410248940162,1.043793615384804,-1.2495796538319792
466,1.8378973134279408,5.382599438230097,0.9000373700086587
467,2.6058333927477193,6.684725014431535,5.210211018699001
468,-4.380790255116569,-1.1797102212709996,1.1923464755894797
469,-5.269124742939163,-1.2615220789744666,2.531071710923408
470,4.193404273259006,2.6718561754492622,-2.510727091478653
471,-0.0031108468714434695,-2.9318333467035607,-4.71882917004259
472,2.801691609397623,0.1378449151032899,5.475993560118935
473,3.241892007140903,2.907786189032013,-5.80246557701649
474,-3.9671787615445457,5.123937040597231,-0.049414435407915784
475,-4.995360224130347,5.064654475835607,-2.8395496169077914
476,-0.5765589979145266,0.13162928803416069,-4.105760693714574
477,0.21699044179030225,5.080234845893657,4.234291550768014
478,-2.8923711185696206,1.4197531745225664,1.7459621226988735
479,4.109156367664062,2.6169213936609523,1.022671417838531
480,-0.9447790959047255,3.0410713239810434,-2.8567319869910213
481,-2.6792353414062333,-3.22108195153185,-0.7963472342157852
482,-1.4435382192528339,-2.0743155851519184,7.668874987047713
483,-0.5444614601964083,-0.9969960482717249,-0.05959525155041171
484,-0.6447543769682768,2.340045845275285,5.29343505415741
485,-2.3811108696473657,8.868476262564391,4.923068840614493
486,-3.841046253884184,-7.612571180409292,1.7859638163545621
487,-5.9957524512022085,3.410445234127829,-3.605626565995188
488,-3.0340562295252056,-1.4239760765994236,-1.488788513836366
489,3.8340836420954076,1.2442533528292017,-9.256268538375071
490,-0.792337725826335,0.4332461019525183,4.219324242231054
491,1.6440975880768907,-0.046075157825283236,-3.095744271152143
492,-0.7135139961324689,2.890330286615018,0.42137233088122356
493,4.216508778222184,-4.6039296003264285,3.8379976096176542
494,0.28264820970915927,0.8276847746573427,0.8662003211705729
495,4.014984795334796,1.864082202003626,2.753223062360585
496,-3.7336413749758695,3.9223068441963345,-2.5595406494553647
497,-1.40349493536315,1.1352448824924464,5.324623736137496
498,0.782883303239927,1.2209748265804146,-6.880297750483145
499,2.1514385940571854,2.0173944059169093,1.9431166996537066
500,-2.787537762960617,-7.48423114231341,0.1860621500029164
501,1.3655044037758555,-7.006514558101998,0.10089436739147803
502,-5.2866161774138,-1.213519460787934,7.779957116692329
503,-3.700852972117861,2.8292653788489104,-1.533089744227821
504,7.707676668221642,3.95726166742384,-5.697441275671417
505,0.10928862473399543,-3.715639043727054,-0.33797509084140637
506,3.268735517045229,4.324033531049612,-5.31731996418
507,2.2543627927576093,7.512195690761,-3.004011193392288
508,-3.7573898505487584,2.607229294744851,-0.9639741236618407
509,-1.6728086916988856,-2.4628051207901906,-1.5291892356942038
510,-2.5641372279303516,-5.185394663567603,-0.170861971253609
511,0.9399453180355842,-2.1297172618096476,-4.0013193960869105
512,1.4157879831392077,7.656717981784427,2.760260044626328
513,-1.1692246689396004,-1.1969558869793586,1.0375908128081035
514,-3.3145672784797915,2.2604168672930043,-3.054045527275837
515,-0.37706420641044425,0.703276396896477,6.020543881002635
516,2.9802822342485227,-3.214273364242802,-0.5077111617218893
517,10.026851452087387,-4.916946873008699,-3.8371720342425895
518,0.43231508884274983,-0.5886510454813246,2.356589681718407
519,0.7637184444921196,3.528690961473453,-2.0489946110173762
520,-0.12082258052563992,3.3668281324411855,3.3316362271913644
521,-0.4420701952520453,2.4492593300399705,4.138437554135491
522,-1.906840247396622,1.9004219424297966,2.537348857576113
523,-4.345533556126677,-1.1294802562582142,0.32719911071230384
524,2.2783017548030147,-4.629333806291703,-3.3820305315417682
525,3.0520208059133105,-4.023465681949851,-2.32862524968854
526,3.7706771418687253,-0.13768409134627044,0.6892300974584278
527,-8.047923099874842,-4.032905491202842,5.957544061470957
528,3.6913761328049817,2.5338096505663437,-1.066724712813123
529,-0.6757828432680535,-3.2849489199050477,-4.018836298705789
530,-1.941982150487796,0.8172388526152338,5.787814362175948
531,2.275585623425992,-5.824433524908333,-3.6291607167398805
532,0.664176892567371,-2.772193089479085,-0.12832201022068787
533,-3.6819769595073515,2.4105631484966965,8.819613697096566
534,-3.4626425984002527,-0.5104443055235529,0.1327647875771273
535,0.7801114199108955,7.382780157430842,-0.6935783216675684
536,1.6030444574142702,-1.2347745395333256,3.0641141913487973
537,-9.726411382484605,-4.496106377781941,-10.034709839010052
538,-1.3817711792130694,0.46326797608205256,-1.6406211701767957
539,-1.2060652039109951,-8.03512944377801,-1.1947157080132396
540,4.824785221641179,-6.314605833241775,-0.8209671251220693
541,3.643388291026384,-0.8676636435797507,5.485764039283412
542,-0.04815900077056098,4.544456045412051,1.6615873777988215
543,2.973109395425389,-2.357898977299126,3.259681600807332
544,0.6115748429294855,-0.008518381498409612,-0.2362296324972792
545,5.9002107150758905,2.004019932654143,0.6010311486942882
546,-0.7981098947521286,-5.228356878082599,0.35803225644476255
547,0.9410183049118077,3.2688282447140873,-3.3399879990134917
548,1.8774998345846787,-0.7829050794598821,-4.418657914922437
549,0.8207980991507221,4.181716672065775,-0.2078011837341179
550,-0.05987207255532592,-2.196467122071106,-3.023243988267691
551,-2.448877269495517,2.583723217930324,7.977748844333087
552,3.6779404260519257,3.7273548510785615,5.072103949426053
553,4.675369966112316,-2.491880676058782,0.9477814119339596
554,-3.59841790040794,-3.5085496431224947,0.5060849883958721
555,2.361762915512043,-3.2415256567627617,4.420949761907864
556,2.3269385533297835,-9.668784191707976,-5.47485565410951
557,3.285054108237962,-1.2541939385018304,1.832697776884717
558,-4.9338395004708335,-1.8766706669970368,1.2906128401407462
559,-5.497963636161338,-2.7397454490181525,-1.5605808171097963
560,-0.8571241343272289,4.220319455066136,0.5003058582789766
561,5.046495409220294,3.9610782366435915,-3.0934120264848555
562,-3.5283599504378786,2.755564750053634,-3.4423526044677444
563,4.07566007299205,5.208067824022714,-3.0485601725475835
564,5.494030268976826,-1.8009459786180724,-3.431795547885728
565,-4.026551186822914,4.524250198562465,1.8747239128487259
566,-4.7191833919788015,-0.4801359439638998,10.454587665007882
567,-6.074060219752487,0.3196998934798376,1.1441176186607764
568,2.1227527118727507,-2.5706479384429244,-2.5127881616984693
569,-4.8459226996952705,-0.24751526705489127,0.35472899386757956
570,-4.522176720585436,0.5670298965351734,0.5134344898187206
571,-2.385199996697241,-6.038458088176494,4.40614108832449
572,5.950452513660192,-8.990684055063902,2.775080259019947
573,-1.861068369084301,3.2139789385710484,-1.0648066797548983
574,-7.152498644134598,5.7864466774543315,9.317453438331238
575,-3.0954983242089593,-1.0954252423613668,5.608556032142293
576,0.23169596462353592,1.5886833950749937,9.09208242784627
577,1.3472751479984229,-6.533576138320791,-1.3348895201972657
578,1.5381116113350255,1.2314581640008444,-2.684015116165734
579,5.934551295079794,4.055669045622618,1.4621454167463457
580,-2.6325654993028555,4.15213678554406,-5.911896408732972
581,2.2969179330307137,-1.8239948922444753,1.8226607488221735
582,-0.7756095954553847,2.739373485411298,-0.2680777782923989
583,10.116427660217889,-0.5319068317434753,7.544621159144516
584,3.302660414846872,1.548400154922305,1.4077126554104151
585,-1.77383082710436,0.14253106250243108,-0.5085727251787612
586,2.9439961068210954,1.5119956414982632,-1.3481750022225882
587,-1.6747918027696451,-0.9274073842210564,0.29457705177379534
588,-3.6233242371380854,-3.355062847901635,-3.013036029408983
589,-8.437184004396077,1.5024610702577037,1.6168401599304538
590,2.076647874336084,0.4811100500015838,4.051727478931574
591,1.9732073201493845,1.0583927938538686,5.273056669194231
592,1.365894027991421,1.6947448528214506,4.50455193091238
593,-4.987127805893742,0.017348282147538054,-3.3760418115005026
594,1.3315959661399381,8.088453826872671,1.2166584461881509
595,-2.762239433140735,0.28734370245694224,-1.5309927090580266
596,-1.8709166759461966,-1.5352273534013832,0.9750282970079942
597,1.2784562640112478,-0.041561823879549,2.332223817651176
598,2.1001949972288854,-3.5868728090167945,-1.9511407827911562
599,-1.4255235345536577,1.9036044879495848,-6.638127877927918
600,6.766739664313993,-4.090503422486013,-4.408838943236295
601,4.819590391426307,-5.068124111704359,3.004161945649746
602,-0.3904565358591191,-4.380948268215497,-4.186559364720181
603,0.4924176466534484,6.3505744180313135,-6.080103048793907
604,6.842416336223953,-2.5468427607496613,-2.701037534688582
605,1.271194670004982,4.393840499589225,-14.009683657314861
606,6.848951715337871,0.782557606506877,-3.8230455232971607
607,0.7632761019368981,-5.9621015555734695,2.1350288995699382
608,6.210462492195941,1.8047903637961615,6.537749773631819
609,-3.174808555242184,2.6072769476714415,-1.4985549821102997
610,-0.4380427991027491,3.0861644425918433,-6.028253779159394
611,-1.239204113739758,-10.881350285743796,-3.145145718172864
612,6.87251226848406,-1.6763751545044503,3.5465652053645047
613,-2.4964469391197324,-11.504957853223027,-2.309868975712326
614,-0.9566958513693655,4.50950379417602,6.415600186264227
615,1.4765519113635626,1.6888345505438298,0.21384021509399245
616,2.8431108335702477,2.6225897452305644,-4.129515439566469
617,3.5896323669327788,-5.551828509631102,-4.6868745240637955
618,-3.316812534111021,5.659772784443735,-2.557409362302785
619,0.3414435778080098,-0.12412529698774208,-2.6928265868223793
620,5.171738320181512,-1.7729619067388966,-5.363310260546091
621,-2.8071466736749118,-1.8431565681086008,-4.825826650257391
622,-1.479396505748848,-3.2988672790411186,-7.716020854004505
623,-0.17942031301420142,-5.192255362621002,4.849910569554132
624,0.9528540570075127,-2.5106556611215245,6.812092473963901
625,2.4479131204261804,-0.42389988188979316,-1.2834543386023733
626,1.7390470180172235,2.9916796893551756,-1.4849055602765864
627,5.362454658512144,-1.0254709154811783,0.3688663222557282
628,-5.393110924737687,6.514252563781073,5.140262851498348
629,3.4727608271940893,1.7008268765431478,-9.405675482467567
630,-6.770087158373723,-0.5953443346783579,3.493458736053127
631,6.180546402534963,-5.189738125517174,3.6369868241992425
632,2.5730604955271597,-4.890010715467713,-1.1253108246324048
633,8.048215734948862,-3.221383930943065,-1.2646144432847606
634,-0.6726261360178535,2.583479989393641,-1.6691419407774462
635,0.4179350183102067,0.07963359370892864,-2.0984843812227654
636,3.365597407081532,5.568191137952065,-5.255512163728344
637,3.3578956662593,-4.880753154553302,-4.591873171842902
638,-4.92562694980996,-0.36685206776028884,2.1947798547810127
639,5.93674361452688,-4.905166747801709,-0.6947576553353779
640,1.3413360142722843,3.8667440356999108,-0.999292446023768
641,0.8626516561929136,-6.864627865459386,-1.7175320089711723
642,1.0310090377410412,-2.6779753819957994,4.65997551694024
643,-2.4371482003915617,1.2514643119592865,-3.574620415805034
644,7.580676936006853,4.997485399420208,-4.465873681536258
645,3.247327455562465,0.14377096793973282,5.684718811694869
646,0.53205748264317,-0.6344419754895207,-4.950630764713895
647,-4.194656710430213,5.134850895216891,-0.4239185131094793
648,1.3778776979624572,1.5760258006491306,3.7736368205272033
649,-0.2828072976615593,5.6781577578488855,-1.091225835809946
650,2.4435832662817516,0.44276283025883334,3.3101164139699826
651,6.472497397919411,-0.21057248530882,4.2481028290763385
652,4.244148427004266,-2.048139246147412,-0.17795967563322285
653,0.6365393357134328,7.919592404089392,1.6504261561018556
654,-2.155905327921875,-1.7265258309008613,-2.8907446465851674
655,5.6318942656578095,0.7116773305547037,-5.1752379265959485
656,3.123903670135326,-0.1545348943785004,4.711229554494485
657,0.5968965307337347,3.0345234973931645,-4.291223952289459
658,2.09452877652491,-1.7899854952834986,-0.16236336652718852
659,-4.240767372501848,7.123475325616678,-1.391321802165032
660,6.646873479428101,-1.3107489244401471,-1.3004608759195389
661,-0.24665767094364682,0.7827574241045091,-0.6578003909943686
662,4.661916406156343,1.757176200927323,-3.2216774663333645
663,-0.38869190512494817,-0.9957694627222776,-0.10269217281563338
664,8.741345739833857,-10.125131442808298,0.08610450943653462
665,-4.16303905752556,2.040734131729894,2.8141685811962374
666,2.6970701079797657,2.434311359005328,4.608062901408533
667,0.9506215266344008,-6.093663759773001,0.9670027654966146
668,4.437195109905009,-1.0355809499709139,-7.436944312329759
669,-0.34678024528727613,0.38645997958934647,2.9142160624906532
670,-3.879018183292709,5.758581987907119,-5.170004006189318
671,2.6101413298367593,8.405782200766263,5.352037913681666
672,-1.214973549867398,4.025838883050158,-1.1221423372670085
673,6.512745387588303,4.6130198402910265,0.33150613891951336
674,-2.3878387706126225,-0.49035541960872264,8.159919393453555
675,-2.352602100185612,-4.205903874562614,-4.214089957363996
676,-0.9636845763110383,-3.8441168588539343,3.5182099304767713
677,-2.041410846903803,0.2657701667708299,5.4904165099151445
678,-1.3305597663976814,-6.063955286181364,3.7133930252295184
679,-0.4161819274562438,3.612342917013179,0.48172714367654296
680,-1.7240924191084404,3.7762417836672713,-1.2531258036087871
681,3.5636166969045617,-0.0031711728788787735,-0.23346438609917275
682,3.12674452655757,-7.977236002355917,-1.4287105387627939
683,1.1234573443339126,2.7517204138195748,-3.410418284144776
684,1.4574354570243984,-1.7570890541234527,2.4318451864336033
685,-2.11723734175697,-5.217017969761955,-6.398955247773017
686,-0.5051564089987884,2.4184610154031287,1.7612349307852906
687,4.3537903903184825,7.500709370516144,5.471821301632872
688,3.1607773476262215,1.2547389599090244,3.09265920802378
689,-3.0149716354315075,-0.6771505786190114,-0.17200612856159656
690,-4.475607289435712,0.728409502960453,-0.8484370590882044
691,-0.4694649240351742,1.5675647381674331,-1.6264333966111522
692,5.609604277254077,-0.5407144200146587,-5.387677848261806
693,3.645392498538383,-3.3930586619307443,1.8883168312902223
694,-1.771709744914232,1.3981727570963134,-1.7891341885362508
695,-2.4393660836549906,3.7128499653732323,-0.9695428827424123
696,-1.2281882143095202,2.674901622656165,-6.6220917751892
697,2.244087361226133,0.8221677569431928,-4.075868259523652
698,-1.2583501021209513,5.915520439782227,2.226053973506139
699,-3.6675718357349045,3.7166354956360625,-7.424298716062265
700,-4.682673563373617,5.512320729728845,1.7274941428767483
701,-3.4655147890177638,1.836653263489405,-0.5159343626080144
702,-0.7354213652136681,-5.247024434012273,0.8652012468306927
703,8.993522107362672,-1.9774929289545913,1.1298894456647246
704,-2.0153021243910048,-2.175109624205416,2.776373461556876
705,4.430251296470171,-5.764803710631593,2.0563741845608114
706,-3.0583948534674334,3.6762442547189678,-6.299000717842931
707,1.6469426203132151,-3.515166834435463,1.440413613881807
708,-1.876651610098131,5.6693410185199316,-6.479127405522725
709,3.35527572221044,2.6529404434189847,6.085211379304205
710,1.7969011282353402,-1.0816185190921608,-2.4167637122227053
711,4.89110122931133,-1.7769222329598497,1.4228755036798342
712,-5.054128040573401,-2.6134345583513685,4.488698727897949
713,2.680730638839512,6.772354883025156,-4.127774739710034
714,-1.2034022996868374,-0.2560529543438897,0.29428592483499716
715,3.7899370789266107,4.131916816074083,-0.2550366087868685
716,-1.0268350056772568,-5.404379630787191,-8.616479564897817
717,3.1664474409458285,-3.709226770677468,-4.871250902415033
718,-4.903118927569699,2.9873171538560124,0.6686070768753952
719,2.734098122612769,4.870318455203458,4.404518233957587
720,6.282247260484697,2.2958969835502403,-0.8600365089077342
721,-2.9484280636142475,-3.205790699787341,3.4690528096933115
722,3.1574043769274827,1.5727887707717456,-2.7801847779221065
723,-2.3389633722885517,-4.938296840631234,3.2821556483680263
724,3.2063144155037633,-0.9535639260611406,1.5269566744441574
725,-0.008316486184404998,-4.033907309536009,-4.275041686437604
726,-2.5245477120731104,-0.8512007753499465,-1.9522003301372122
727,-0.1509888511138192,-1.4794250606962476,2.731393147101436
728,-4.233866284956742,1.1767901500082119,1.4358692540507638
729,2.4109930695127435,-8.196245860919603,1.1017034644195507
730,-4.574218948532869,-5.56136531583172,7.36718861996274
731,-6.2071099412583335,2.1028120210209513,-3.628145758345961
732,-1.6098661462598496,3.3155917247510778,10.161277683655122
733,0.44414974981884703,-3.2238682100881935,7.280561805853332
734,-5.7170973117378665,-0.8083738003994475,2.244848154903685
735,-3.0780151928982775,-7.559328421419626,2.6783614858365508
736,-8.738838382817608,-3.333009855838768,-3.5517318256294765
737,-5.973584273727314,7.94431586941086,6.119921068782016
738,-11.126762769780695,-0.8468281784018405,-2.458645833589091
739,0.5342527279431921,6.450146920531439,2.699593786762837
740,-4.097071431917214,0.8612502459994524,1.4982675954040565
741,3.092765923380427,-0.4916229347923956,0.6933767300684607
742,6.524234254279999,1.0778136456742844,-2.1242574426461496
743,3.8555624990192596,-7.280943845560678,5.391655431409367
744,-5.196238640209199,-1.4768638971812582,-1.0219785696755355
745,2.2729000018969256,7.44414517758947,-1.2651448935556502
746,6.486693621330871,-4.553392816211972,4.0340292503727495
747,-1.8255908300180255,-2.842623759885937,-0.5997836957248094
748,-6.1171593366195545,1.4251713189949025,-0.4873735524873585
749,0.3631816315288796,-7.120873814999031,0.7762459340412128
750,-5.731810110257384,-1.0710210975418142,0.6687453604878882
751,-1.2930006328085564,3.038022556576944,-4.85234995264244
752,-5.5514291819542425,9.113978792120893,2.339212012342488
753,-6.358285300259874,-3.3857937553236326,2.5934668314856957
754,-3.2296855869812986,6.1953440671075,5.148846698690855
755,-3.4578633781614494,-1.9921996439159977,2.9676148776984466
756,-0.8916211335184969,-1.7482577885137962,9.018784346188593
757,-1.0865582483309957,-0.6157193483101079,-0.10976919899718511
758,7.971593354464244,0.3335069800623534,6.455038308418559
759,2.027822562375797,-6.645723677423909,5.010248537501236
760,-2.5616075540789915,8.638976384492185,0.2620387485940099
761,1.9155490235208912,-0.502020369878326,-10.220818477458735
762,4.666401924332618,6.3224951185427045,-4.8846813583021715
763,2.4658546637120495,7.374306177195848,-0.41752937206866386
764,-2.889788854730633,-0.4169394860697341,-3.0252235170717823
765,8.539307956217513,4.02141198772073,-0.8564524318549449
766,9.392748235609153,0.49295175190684287,-1.5741363847150878
767,-3.9926160635249017,5.402168737858682,-5.29591923578047
768,-1.4804531902198756,-2.8165283381057415,2.9836307562603768
769,-7.4494234522565375,-1.1137791766972533,-2.8969313862213113
770,-6.029365490180971,1.1228006244530992,2.3320051929561116
771,-1.639248961985398,6.803140253241421,-0.7607666478069665
772,5.266094901985481,-7.481106477290871,2.476555849087524
773,-0.766137709790904,2.3076552049826375,2.964663670673883
774,-2.2559057961487605,0.5867686916908225,3.778820927671525
775,0.6737419043055182,2.688800891151348,-3.1862844708357776
776,4.096935064446428,4.210508358927288,1.852909380128775
777,-5.31252791004315,-0.3639140725915404,8.414222027957193
778,2.8539738673661104,-1.4020654973839142,-4.009266486837168
779,-6.362452632577266,-2.595337687222407,0.6791125305948842
780,2.7728168686138512,-4.62629632419724,-1.094165482820336
781,1.6841177445348496,1.4604740957794486,-4.596629927774458
782,0.6127492774920547,-2.330179714428399,-0.19162461508773881
783,-8.272272002733413,0.9834521776162115,2.7621966084793916
784,-1.3132884114608885,0.36065508938188956,-1.6030469195671113
785,-4.01703443603254,-2.179036059642727,-7.642383127347165
786,4.15461520134028,2.9736474456051587,0.2951139772362872
787,-6.035362808337016,-0.7052413336343827,3.33833945060022
788,0.15371274545422878,5.292442666465345,9.63523088772648
789,2.7222760626913396,-2.9579303298734287,-3.8219341906674633
790,3.228323729040897,-2.7829909531335844,6.446942226980729
791,-6.459975807088165,-0.18294684777861892,3.9482138614684392
792,-3.534415801471573,4.231196274320198,-2.1076755604050694
793,4.930194800972426,2.3048006174003133,3.698770960340865
794,3.8791624746105073,2.5631725510067045,-1.5479616872117412
795,-6.093672118402753,0.08611266813110395,-0.6055635000052221
796,7.677981946571327,6.656396668416045,3.1831341672761315
797,-0.386840501448939,6.805932718626758,0.08274415966870992
798,-6.46819792687939,8.885198930263892,-4.5927872629011155
799,-3.6290268906886167,-5.19720140870452,2.890374763945373
800,-4.620528975130173,-0.40875687739932637,-0.0891497869664712
801,-2.393553966988267,-3.2091217328774246,0.2682313901052686
802,7.948402560084636,8.539371553906394,2.71705185895606
803,-4.141301558711809,-2.459343022033769,7.520654649626903
804,2.0761694435966294,3.5596440329919643,4.799389050241766
805,0.15754380627987635,0.8503305550889378,-0.7553171329967067
806,1.642313794947502,-4.859221404984692,-4.083951444940697
807,4.169901413117582,-0.4070968525971454,-0.1262016185931129
808,0.7131804641956585,-2.182109950335017,0.330331790070597
809,1.5472704980558776,3.129129774486702,-1.6094728383372212
810,6.3898203170089385,-3.5679659252669507,4.042974010476693
811,-3.147669399484561,-1.8420369649167225,-0.21339694920755956
812,0.3503336777523346,8.718840530249437,3.015084243379979
813,-4.428964451574029,7.575132028062153,0.831840298681312
814,4.3105421147011596,-3.2857303059190204,0.85140928752931
815,-0.7264183254953392,3.89427781036808,-5.139841111875416
816,5.1376819215579275,2.2776523253561276,-3.349383191457047
817,-0.29438815602580315,-5.380064621129306,-4.4434399882193825
818,5.591566505058126,-4.958605579785342,1.9075018916122453
819,0.8964223908934195,4.671392836857712,0.9854428007283919
820,1.1737233762806853,0.10835338724659901,-4.253658591040241
821,-4.092284952380029,-2.33385820700698,-0.40954160556908387
822,-2.7385553666063043,5.224002654209274,-2.505903677740372
823,-1.4847181767299125,-0.7343691221560451,-1.2507364137383747
824,-2.4291225194273114,-0.7083578138296444,2.75514411693813
825,-9.913190725707684,-5.612490415574185,-4.37958474418781
826,1.7812217929074958,7.859245081243439,3.4301110242494137
827,-3.6560645838576074,5.725707428064149,0.4519400715446463
828,-1.1232075078252841,2.5301696114054675,-1.636709639288137
829,3.8311045541108606,-0.18759448393735784,3.9698203528721807
830,1.530882884230534,-3.216255347397807,8.570707159795628
831,-9.63287184199691,-7.810032269895401,-6.287234315637023
832,5.057111391977275,-2.668831179522325,1.4536697918126507
833,1.7310984009074968,-1.8571072401683622,-3.1602610418962134
834,-2.096380769818058,-6.531732967476934,5.9354058657802105
835,-2.97664422332017,3.8392783003958213,4.1103562883801885
836,-0.24348897358556493,1.4653666029590506,2.896232486386251
837,0.9834153229256494,-7.5396019541899735,-6.486857606232441
838,0.18612777594083132,1.85610058152549,-2.033450783766226
839,2.3268388428197535,-2.3564531168787815,-6.016804975608448
840,1.5183212618145276,-2.154388357285613,-0.502659042224218
841,9.036337597344781,-3.915835494999376,-0.05255752207942681
842,4.7576243211935445,-1.9194349627234315,4.210948087054447
843,0.07892770145935281,-0.7539913611773462,5.0327633049997935
844,-1.5957194989137415,-4.362143230613533,-6.65709321442695
845,-0.3944790333725163,-0.3181419610488779,-6.738871385678338
846,-1.6045187587489895,6.318534762829047,1.6576359799684703
847,5.868454993988877,-2.804103910324569,0.9702671366689324
848,0.3573526774680729,-2.0892879562082443,-2.6088934101111216
849,0.4703542085635134,-3.8339383069037334,-0.8871378307359704
850,0.6795762350693041,-3.5440273990397,3.300773284311304
851,-2.564030650110283,-2.5008174173672724,5.507909245055953
852,-1.971658760679793,-0.9989679892539035,2.4712267656868394
853,1.609113327090887,-4.458877672880964,-11.119099901322555
854,-0.3291154672565608,5.593011245038775,3.8694437778745487
855,1.6314574255907774,0.6595839863691252,-4.395747700763536
856,-11.140661047619123,-1.1632271190880021,1.6969284104500766
857,0.9169355198920969,1.8026102176284537,6.8285496760697555
858,7.722090498565745,6.009672490462315,-3.9499478284003864
859,1.7692714038677428,-3.032567134651991,0.8828596778199266
860,-2.308150068829169,1.5038307353793068,2.3576473143449213
861,-2.2166328919951193,-15.332643348411603,-0.19934747377276812
862,0.5726961639420179,2.659354494846441,-2.4212260407173813
863,2.4976632849301983,-3.332652040208534,8.597227412143862
864,2.0339538888153696,1.8093959937584203,6.922449505064877
865,5.370723579713059,-1.1499481529228481,3.199435076868422
866,3.4047393761325924,0.965812728131198,2.2876010402932923
867,5.811204680295806,7.707739936253141,-0.540661436476465
868,-2.261921321067552,-1.8228884431400818,4.140516412057062
869,-3.590866379425031,-3.582657008880775,7.852439093970627
870,4.988768972174757,-2.1893096872161926,1.342712801497967
871,-2.035585813784471,-1.9113486472560288,1.7415547544268724
872,-3.481501221835209,-2.964029918194519,5.05056761312297
873,0.916674062558171,0.6211201791679638,-0.4039713210125296
874,-0.08166755265314467,3.151767594714185,-6.4784192681799455
875,4.127465432300661,3.6070212489056797,6.397618931007718
876,1.7459185453552335,-4.097209639219905,1.9180923305933821
877,2.0285546946009454,6.588636021885256,-1.1878368823830683
878,-0.24856758312434005,1.2891070153396489,5.616835099369441
879,2.0198678935140477,-7.833842110216896,0.7936741410507593
880,0.2630162471468802,-1.3777338623230244,-2.434127913580151
881,-2.7113513283384756,7.803539481765264,-3.907514580662079
882,1.8451711596658278,2.2239891331025854,-8.02501759830616
883,-4.238693054495341,2.3133853296337747,2.3031150541466774
884,-6.76712272365597,0.22059732214694394,1.8281981736667017
885,-3.1941311288841745,8.303261048970697,3.0798689066471594
886,2.249330350728168,-1.4082980963853595,0.7506096114287454
887,3.287510014737955,-0.5076475247159029,-1.1683139024536797
888,-2.2122420559043885,-0.44002055387641903,1.0426291675273367
889,-5.426559749971092,-1.7117206613080787,-11.342379026545643
890,-0.5604701946478072,3.366967294616191,10.150109427819926
891,2.2899376672094007,2.3053760586041387,-0.6008372952727983
892,0.21469342953306464,-3.438862597734149,-2.343644292953087
893,4.122775406672388,0.9561129098412994,3.1371129110502682
894,-5.553403328914214,-2.045887827204514,-0.19509160396351483
895,-2.8335330372430447,-3.972120529037807,3.668294789696606
896,-2.179858436135835,0.04123174773158284,1.4154100182069074
897,-0.33957299073155844,4.678251256704419,4.239889749260776
898,3.1082207792331373,2.2587812253382378,-1.6463088014239555
899,-3.84717161946634,-1.028822142600366,5.915717731387608
900,-1.9606539599980075,-6.2058859153356,-2.4520612879647845
901,3.747944007984876,3.9658306815196935,-5.00366630713686
902,-1.2921304275022791,7.096926952802506,-2.7649830014007453
903,2.8653571426675417,-6.533519868066449,3.8692320173991734
904,-2.4071380522264088,-10.788133491676643,3.8034340887301186
905,-3.3974033136365,-1.4708288849957756,-3.025344338058004
906,-1.6247748461360598,-4.926207468881215,5.581545986270862
907,-4.936948460818762,-1.8980002224033317,2.1663740313480093
908,1.2999616417023603,-3.2538986320482266,0.9519648451325917
909,1.482087531457487,-1.6324995508368991,0.7863014806338516
910,-0.7836745012611808,5.214942899822668,0.5681644087218451
911,-3.8681057338663676,-6.006613079188017,1.1399886878699246
912,7.262699410292569,1.195029574453962,0.5557225692404135
913,-0.7665952329447752,5.424605828327386,-5.2331597056462344
914,-0.6977644335612251,-4.054441581436712,-3.922109712117225
915,-5.1157325126303315,-6.236932576106477,7.296007496331064
916,0.8265398588965912,2.8730373113204526,0.5668516546814726
917,1.9699855250827178,-3.646302111612671,9.384023102060146
918,2.989649145771274,-2.008745868447786,-1.207106113236914
919,2.2221463847203653,6.158996126944343,-2.181802913720593
920,-2.265526244978418,1.528621672675235,-0.4175393636426287
921,-6.218997717331571,-1.7960909961467777,4.131626715338076
922,-0.06037218879257154,-6.085666479145492,0.41216643533515057
923,-1.505888043718527,0.2122754808208507,1.0900930448170627
924,0.2117258160138166,-0.5932493597910422,-2.096137145575091
925,6.319828001171145,-0.32849559318011823,3.498458902200596
926,-4.958575028408771,-2.3804304270298897,-5.043273212905246
927,-0.2607650641789311,2.4218454561161544,-0.7109416632675373
928,-3.730850823947396,1.3677290550470493,-2.01489532416755
929,-2.9298524575070766,-9.327515594137404,-7.4118417131492915
930,2.720779046986783,-1.9501090166727477,0.5278154378959239
931,3.2309587547030727,8.300577402133154,2.5571434286434593
932,8.602445708496662,3.67568659562504,-1.9879412598266522
933,-2.1426046193010375,-2.225410973645312,3.0086699745348437
934,4.324499997243454,-3.686083147619661,6.427308935268159
935,-3.1829267924992664,3.7370991413053853,-3.586349808736109
936,-6.062961375649777,3.2208431437406193,2.494354982422344
937,-4.4785239992546915,-5.466112398349634,0.9751103491954114
938,-3.385926711753714,-0.7259668705373112,-1.017955456852812
939,4.162772522007828,-7.301291839600527,-2.4974717627654837
940,4.581054334485356,-0.04089457933232459,-1.7020003856320753
941,-5.113436369181806,-0.8663697217273192,-3.146673889974007
942,-4.667045561476459,1.8312668601114004,1.993599090553866
943,3.549918595082485,-0.9797558322250753,1.22823463324364
944,4.366169364637148,3.3548473182606515,5.160541432003113
945,-0.4826096361861482,8.9063375000446,-10.36673280393166
946,-2.8091072553206318,1.421566405832566,-4.722804460407803
947,-1.5880069832195334,-0.25303720264657903,-2.4873327573938617
948,0.15119832685906479,0.9976956915337678,-0.31314869988841787
949,-1.7286141122184866,-3.4808023637307337,5.115979602673609
950,0.347279422031571,6.528631425732986,-5.6103246224007615
951,0.26260292821427045,-5.974133669231304,3.9229898234251492
952,-5.689563324266772,3.1512243766820225,0.7667723474547185
953,-0.993590176969349,-5.708563635564413,-0.7669917746996817
954,3.1026261790875296,-10.065693855625877,-1.530241750555609
955,5.453647616084232,-8.14407465922928,-3.7276768537964013
956,2.0217375272858735,-0.049763493016062116,1.1943547980242843
957,8.89967912373941,8.191557377863534,-8.228044484953902
958,6.229455622746577,3.7928517641860715,4.615170036105709
959,-3.835074345340021,5.010170554012483,1.5969370746797777
960,-0.12508839741740263,-1.3547196414762184,0.8663737903534152
961,0.9036063804290269,-3.9840962884007487,-2.964053632739053
962,1.0000387837072058,1.131062077183203,-0.360742346319013
963,5.159685903407166,7.5369599305802915,-1.5178509823102395
964,3.6034322597561834,5.341707873220986,5.661758039032977
965,1.033984537948776,2.2277881225321976,4.998652602825712
966,-8.694753204156529,-2.252762507891764,-4.914197518413289
967,-1.0044647689792656,3.6381719791648504,4.5791101686362685
968,5.018970000114372,-0.5917323048112674,-0.414537331423713
969,3.242751303760771,-1.4670095635497349,1.1145491221446417
970,-4.12393341549366,-4.961715527744491,3.583034832112975
971,5.92748263596037,-0.39612406208464856,-1.5817478287489874
972,2.382780085657585,-1.0545510428125708,-1.8457691958325122
973,-1.2172960196825713,5.410667851253978,1.4834057070715538
974,4.7492903019948045,5.003302848168799,1.4563193101232539
975,1.0302209992032154,0.3206699286844763,3.4316336118884347
976,-1.182316916241237,-4.372428999780652,5.9809947775066865
977,0.80197384112455,-3.1000216131009006,1.7466781033175878
978,4.83423320698706,-3.4396591694266783,-3.3944180325415574
979,0.20815017998219426,-3.9544080598351865,-4.561134343656118
980,2.6391544344528413,-1.4543284391991862,-2.584295741956907
981,-3.2824427818118984,-4.544157195059466,-3.8126028107670487
982,5.23685422792167,2.331090520779374,3.1841626245722128
983,-5.081619302904142,-2.0832737459760335,-2.078096766347701
984,0.5483768329491243,-7.6881085532524605,-5.353176309339126
985,-7.213227451016171,7.582898137760096,-1.6655461705350063
986,2.4671757810101496,9.30274982548378,-0.19088495497859245
987,-0.1347968515468344,1.1154769855497382,-2.576315179495402
988,-0.7952584421563458,2.966292800373461,3.4535101370304946
989,2.342767540544792,5.225428192876599,-5.369091931012427
990,-0.7091030929070217,1.451015415057163,0.976802977272888
991,0.8980767833699069,5.759763177281524,6.098768584693859
992,5.7742583140956985,2.9472204769299273,-1.7760182429220146
993,-0.3275867263297818,2.4743289749618964,0.6544233119345374
994,0.3260480961158733,-0.8806522404997149,-3.360972964512878
995,1.0185002268760777,0.6400064066265331,-2.0172846186901072
996,2.990025065531784,-2.0875520776440935,0.2534554552838195
997,-4.428149716670683,7.345050981486428,-1.2904876115286095
998,0.45479147966818395,-1.4985622742665958,-6.3034681078632655
999,6.183590308708277,5.68955478773289,-1.1701884876027233
